Technology_Innovation,Description,Implementation_Status,Year,Source_(APA_Format)_and_Link,Section,Subsection,Program_Support_Type,Details,Financial_Material_Benefit,Training_Capacity_Building_Program,Focus_Area,Implementer
Climate-Smart Pest Management (CSPM),"Integrated IPM + climate adaptation; reduces crop losses, increases farmer income","4-year project; DA-BPI, DA-PhilRice, IRRI; nationwide scaling",2025,DA-BPI (2025). CSPM Development. https://www.irri.org/news-and-events/news/da-bpi-da-philrice-and-irri-strengthen-climate-smart-pest-management-rice,Opportunities,technology_adoption,,,,,,
Climate-Resilient Rice Varieties,"Varieties to withstand climate variability (El Niño, La Niña)",Available for adoption; promoted during planting season,2024,Climate Tracker Asia (2024). Climate-resilient varieties. https://climatetracker.asia/as-el-nino-rages-farmers-turn-to-climate-resilient-rice-varieties/,Opportunities,technology_adoption,,,,,,
Carrageenan Plant Growth Promoter (PGP),Technology from red edible seaweeds; enhances plant growth,Funded by DOST-PCAARRD; addresses stagnant yield of 84 sacks/ha,2024,Philippine Information Service (2024). Rice initiatives. https://ispweb.pcaarrd.dost.gov.ph/2024-rice-production-and-price-trends-decreasing-imports-and-initiatives-to-improve-yield/,Opportunities,technology_adoption,,,,,,
Mechanization Technologies,"Farm machinery: harvesting, planting, threshing","Distributed through RCEF; tractors, harvesters, planters",2024-2025,DA Regional Office (2024). RCEF implementation. https://pia.gov.ph/das-rcef-program-boosts-rice-production-and-farmers-livelihoods/,Opportunities,technology_adoption,,,,,,
High-Quality Certified Seeds,Improved seed varieties with enhanced traits,"RCEF seed development, propagation, promotion component",2024-2025,Philippine Rice Research Institute (2025). RCEF extension. https://www.philrice.gov.ph/farmers-to-benefit-from-rcef-until-2031/,Opportunities,technology_adoption,,,,,,
Soil Health Improvement,Technologies for enhanced soil conditions,RCEF-funded component targeting productivity,2025,Philippine Rice Research Institute (2025). RCEF extension. https://www.philrice.gov.ph/farmers-to-benefit-from-rcef-until-2031/,Opportunities,technology_adoption,,,,,,
Solar-Powered Irrigation Systems,Renewable energy for water management,RCEF-funded expansion; reducing energy costs,2025,Philippine Rice Research Institute (2025). RCEF P30 billion budget. https://www.philrice.gov.ph/farmers-to-benefit-from-rcef-until-2031/,Opportunities,technology_adoption,,,,,,
,,,2025,Philippine Rice Research Institute (2025). RCEF extension. https://www.philrice.gov.ph/farmers-to-benefit-from-rcef-until-2031/,Opportunities,government_support,Rice Competitiveness Enhancement Fund (RCEF),Extended to 2031 under RA 12078,Budget increased P10B to P30B annually (3x increase),,,
,,,2024-2025,DA Regional Office (2024). RCEF details. https://pia.gov.ph/das-rcef-program-boosts-rice-production-and-farmers-livelihoods/,Opportunities,government_support,RCEF - Direct Cash Assistance,Direct farmer payment,"Php 5,000 per farmer per season",,,
,,,2024-2025,DBM (2024). RCEF Q1 2024. https://www.pna.gov.ph/articles/1218736,Opportunities,government_support,RCEF - Machinery & Equipment,Grant-in-kind mechanization (50% of RCEF),"Tractors, harvesters, planters to associations and LGUs",,,
,,,2024-2025,DBM (2024). RCEF guidelines. https://www.pna.gov.ph/articles/1218736,Opportunities,government_support,RCEF - Seed Development Component,"Seed development, propagation, promotion (30% of RCEF)",High-quality seeds; farmer associations for production,,,
,,,2024-2025,DBM (2024). RCEF credit. https://www.pna.gov.ph/articles/1218736,Opportunities,government_support,RCEF - Credit Assistance,Expanded rice credit access,Financing via LandBank and Development Bank of Philippines,,,
,,,2024-2025,Philippine Rice Research Institute (2025). RCEF programs. https://www.philrice.gov.ph/farmers-to-benefit-from-rcef-until-2031/,Opportunities,government_support,Rice Farmers' Financial Assistance (RFFA),Broader support program component,Cash assistance complementing RCEF,,,
,,,2024,Department of Agriculture (2024). Masagana review. https://ispweb.pcaarrd.dost.gov.ph/2024-rice-production-and-price-trends-decreasing-imports-and-initiatives-to-improve-yield/,Opportunities,government_support,Masagana Rice Industry Development Program,Comprehensive productivity boost review,"Seed quality, fertilizer optimization, efficient logistics; 25 MMT target",,,
,,,2025,Philippine Rice Research Institute (2025). Water management. https://www.philrice.gov.ph/farmers-to-benefit-from-rcef-until-2031/,Opportunities,government_support,Water Management Support,Small water impounding projects,Infrastructure development through RCEF,,,
,,,2025,DA (2025). CSPM workshop. https://www.irri.org/news-and-events/news/da-bpi-da-philrice-and-irri-strengthen-climate-smart-pest-management-rice,Opportunities,training_programs,,,,Climate-Smart Pest Management (CSPM) Workshop,"Pest ID, field monitoring, IPM strategies for climate adaptation","DA-BPI, DA-PhilRice, IRRI"
,,,2024-2025,Philippine Rice Research Institute (2025). Agriculturist training. https://www.philrice.gov.ph/farmers-to-benefit-from-rcef-until-2031/,Opportunities,training_programs,,,,Municipal Agriculturist Training,"RCEF guidelines, streamlined processes, planting alignment",PhilRice workshops
,,,2024-2025,Philippine Rice Research Institute (2025). Coordinator training. https://www.philrice.gov.ph/farmers-to-benefit-from-rcef-until-2031/,Opportunities,training_programs,,,,Rice Coordinator Training,"RCEF implementation, farmer coordination, logistics",PhilRice workshops
,,,2024-2025,DA Regional Office (2024). RCEF training. https://pia.gov.ph/das-rcef-program-boosts-rice-production-and-farmers-livelihoods/,Opportunities,training_programs,,,,RCEF Comprehensive Training,"Modern techniques, machinery, pest management, sustainability","ATI, TESDA, PhilRice"
,,,2024-2025,Department of Agriculture (2024). Extension services. https://www.pna.gov.ph/articles/1218736,Opportunities,training_programs,,,,Extension Services,"Ongoing advisory support, field guidance",DA Rice Extension program
,,,2024-2025,Philippine Rice Research Institute (2025). Seed farmer programs. https://www.philrice.gov.ph/farmers-to-benefit-from-rcef-until-2031/,Opportunities,training_programs,,,,Seed Farmer Training,"Seed production, quality control, associations/cooperatives","PhilRice, DA"
,,,2024-2025,Philippine Rice Research Institute (2025). LGU training. https://www.philrice.gov.ph/farmers-to-benefit-from-rcef-until-2031/,Opportunities,training_programs,,,,Regional LGU Collaboration,"Local capacity building, process streamlining, logistics",LGUs with PhilRice support
